family;
Kitchen;343496;10.38093152
Bathroom;343498;7.343233821
Master Bedroom;343500;11.04172797
Hallway;343502;9.462164148
Living Room;343504;17.32723135
Entrance;343506;8.765043941