Yj;
Bathroom;343521;3.198890485
Entrance;343534;5.871152345
Living Room;343541;17.24100712
Kitchen;343542;5.467437477